"codaz","dt","vetlp","vetuff","numconf","numcamp","numpos","pt"
"087BG012/1",17266,"","Ferri",111420,178,1,"PT"
"018BG005/1",16689,"","Moleri",237419,63,0,"PT2"
"018BG005/1",17077,"","Moleri",271031,64,0,"PT"
"018BG005/1",17465,"","Linguanti",293051,60,0,"PT"
"087BG027/1",16324,"","FERRI",242755,143,0,"PT2"
"097BG004/3",16324,"","FERRI",242744,20,0,"PT2"
"114BG012/1",16875,"Coppolino","Gatti",75225,183,10,"PT0"
"124BG002",16168,"","SCHIVARDI ",96873,14,1,"PT0"
"217BG003/4",16580,"Appiani Arrigo","Bonazza ",158014,136,5,"PT1"
"217BG003/4",16967,"Appiani Arrigo","Bonazza ",169900,63,0,"PT"
"217BG003/5",16580,"Appiani Arrigo","Bonazza ",157913,180,9,"PT0"
"217BG003/5",16967,"Appiani Arrigo","Bonazza ",169900,63,0,"PT"
"122BG005/1",16854,"","Alloni",57061,150,3,"PT1"
"122BG005/1",17248,"","Alloni",85665,126,1,"PT"
"122BG005/1",17616,"","Alloni",85517,63,1,"PT"
"183BG003/7",16990,"PELIZZARI CARLO","",191450,271,3,"PT"
"183BG003/7",16643,"PELIZZARI CARLO","",198576,245,1,"PT1"
"183BG003/7",16275,"PELIZZARI CARLO","",195274,167,7,"PT1"
"183BG010/1",17270,"PELIZZARI CARLO","FERRI",114736,247,2,"PT"
"183BG010/1",17655,"PELIZZARI CARLO","",122966,270,NA,"PT"
"076BG013/1",16157,"FACCHI","",89504,169,19,"PT0"
"076BG013/1",16539,"Facchi","",103192,129,6,"PT1"
"076BG003/1",17220,"Facchi","ANDRIOLETTI",54971,157,NA,"PT"
"076BG003/1",16860,"Facchi","ANDRIOLETTI",60486,103,NA,"PT1"
"076BG003/1",16548,"Facchi","ANDRIOLETTI",111948,103,3,"PT1"
"076BG003/1",17617,"Facchi","ANDRIOLETTI",85598,162,NA,"PT"
"010BG003/2",16129,"Valota","ALLONI",57947,385,26,"PT0"
"010BG003/2",16478,"Valota","ALLONI",42692,356,23,"PT0"
"010BG003/2",16848,"Valota","ALLONI",47016,218,15,"PT0"
"010BG003/2",17219,"Valota","ALLONI",55727,63,2,"PT"
"010BG003/2",17582,"Valota","ALLONI",51566,63,1,"PT"
"245BG002/1",17113,"FACCIOLONGO ","Zambetti",310419,62,0,"PT"
"245BG002/1",16744,"FACCIOLONGO ","Zambetti",297810,62,2,"PT1"
"245BG002/1",17483,"FACCIOLONGO ","",312133,64,0,"PT"
"011BG005/1",16739,"Capelli","IURATO",292920,36,1,"PT1"
"011BG005/1",16367,"","IURATO",287713,63,0,"PT2"
"011BG005/1",17131,"Capelli","IURATO",335171,47,0,"PT"
"011BG005/1",17481,"Capelli","IURATO",312225,45,0,"PT"
"133BG034",16161,"FACCHI","ANDRIOLETTI",86478,150,7,"PT1"
"133BG034",16514,"FACCHI","Andrioletti",79035,218,0,"PT2"
"133BG034",16854,"FACCHI","Andrioletti",50636,169,5,"PT1"
"133BG034",17198,"FACCHI","ANDRIOLETTI",31545,258,NA,"PT"
"133BG034",17597,"FACCHI","ANDRIOLETTI",64449,257,1,"PT"
"113BG003/3",17583,"Facchi","Andrioletti",50694,80,4,"PT"
"113BG003/3",17210,"Facchi","Andrioletti",42318,76,2,"PT"
"113BG003/3",16850,"Facchi","Andrioletti",54123,81,1,"PT1"
"133BG035/1",16853,"facchi","ANDRIOLETTI",57062,90,3,"PT1"
"133BG035/1",17218,"facchi","ANDRIOLETTI",50081,88,0,"PT"
"133BG035/1",17575,"facchi","ANDRIOLETTI",43669,90,0,"PT"
"133BG035/1",16640,"facchi","ANDRIOLETTI",197424,74,1,"PT1"
"079bg014/1",16357,"","CONSONNI",274455,48,1,"PT1"
"079bg014/1",16728,"PELIZZARI CARLO","CONSONNI",277222,54,0,"PT2"
"183BG032/1",17220,"","FERRI",55703,144,4,"PT"
"183BG032/1",16724,"","FERRI",273738,179,NA,"PT1"
"207BG002/1",16127,"FACCHI","SALVOLDI",53136,99,7,"PT0"
"207BG002/1",16864,"FACCHI","SALVOLDI",60558,139,NA,"PT1"
"207BG002/1",17583,"FACCHI","SALVOLDI",50635,137,3,"PT"
"207BG002/1",17217,"FACCHI","SALVOLDI",51957,55,3,"PT"
"207BG002/1",16498,"FACCHI","SALVOLDI",61656,150,3,"PT1"
"177BG047/1",16904,"Lissana","Bonazza",101355,78,NA,"PT1"
"177BG047/1",16903,"","Bonazza",101355,78,NA,"PT1"
"177BG047/1",17254,"Lissana","Bonazza",90196,73,0,"PT"
"044BG013/1",17234,"","Bonazza",70487,127,0,"PT"
"044BG013/1",16486,"","Bonazza",53098,168,4,"PT1"
"053BG015/1",16357,"FACCHI","LEONI",274413,236,2,"PT1"
"053BG015/1",16734,"FACCHI","LEONI",286795,217,3,"PT1"
"053BG015/1",17135,"FACCHI","LEONI",340776,315,NA,"PT"
"053BG015/1",17499,"FACCHI","LEONI",333334,306,0,"PT"
"076BG004",16840,"Danesi Giorgia","ANDRIOLETTI",36511,58,1,"PT1"
"076BG004",16470,"Danesi Giorgia","ANDRIOLETTI",34303,49,1,"PT1"
"076BG004",17207,"Danesi Giorgia","ANDRIOLETTI",41605,65,1,"PT"
"076BG004",17581,"Danesi Giorgia","ANDRIOLETTI",48634,52,0,"PT"
"141BG005/1",17575,"Arnoldi Bernardo","Pelliccioli",42902,126,0,"PT"
"141BG005/1",17242,"Arnoldi Bernardo","Pelliccioli",77908,106,1,"PT"
"141BG005/1",16861,"Arnoldi Bernardo","Pelliccioli",56121,71,NA,"PT0"
"141BG005/1",16486,"Arnoldi Bernardo","Pelliccioli",49571,55,2,"PT1"
"122BG009/1",16867,"","Alloni",64016,NA,NA,"PT1"
"122BG009/1",17234,"","Alloni",70496,63,1,"PT"
"122BG009/1",17582,"","Alloni",50445,62,2,"PT"
"011BG004/1",16738,"","Iurato",300903,87,6,"PT0"
"011BG004/1",17520,"Arnoldi Bernardo","Iurato",362167,115,3,"PT"
"062BG008/1",17252,"FACCHI","Moleri",89105,NA,1,"PT"
"062BG008/1",16940,"FACCHI","",141403,NA,1,"PT"
"062BG008/1",16492,"FACCHI","",55481,42,1,"PT1"
"062BG008/1",17606,"FACCHI","Moleri",74319,46,0,"PT"
"097BG018",16283,"PELIZZARI CARLO","",202764,70,12,"PT0"
"097BG018",16709,"PELIZZARI CARLO","",256427,98,5,"PT0"
"097BG018",17103,"PELIZZARI CARLO","",302001,80,2,"PT"
"097BG018",17488,"PELIZZARI CARLO","0",319517,90,3,"PT"
"019BG011/1",16738,"","ALLONI",289252,106,0,"PT2"
"019BG011/1",17098,"","ALLONI",296758,141,NA,"PT"
"019BG011/1",17274,"","ALLONI",111471,NA,0,"PT"
"019BG012/1",16626,"","Alloni",184596,234,7,"PT1"
"047BG002/2",17560,"","Oggioni",29708,53,NA,"PT"
"053BG046/4",17210,"Facchi","Testa Francesco",45426,NA,NA,"PT"
"172BG003/1",16141,"FACCHI","IURATO",66747,153,2,"PT1"
"172BG003/1",16878,"Facchi","IURATO",75234,NA,2,"PT1"
"172BG003/1",17255,"FACCHI","IURATO",91769,239,1,"PT"
"172BG003/1",16519,"Facchi","IURATO",83604,266,1,"PT1"
"172BG003/1",17619,"Facchi","IURATO",88432,278,1,"PT"
"133BG010/1",16484,"PELIZZARI CARLO","",47290,34,4,"PT0"
"079BG022/1",16154,"LONGHI","CONSONNI",79712,54,1,"PT1"
"079BG022/1",16889,"LONGHI","CONSONNI",85465,34,1,"PT1"
"079BG022/1",16501,"LONGHI","CONSONNI",67254,46,3,"PT0"
"079BG022/1",17243,"LONGHI","CONSONNI",79173,44,0,"PT"
"079BG022/1",17617,"LONGHI","CONSONNI",84680,35,1,"PT"
"043BG001/2",17568,"COPPOLINO","Moleri",36640,39,0,"PT"
"043BG001/2",17219,"COPPOLINO","Moleri",51741,41,0,"PT"
"043BG001/2",16874,"COPPOLINO","",70976,40,0,"PT2"
"043BG001/2",16504,"COPPOLINO","",67241,24,3,"PT0"
"043BG017/1",17217,"","Moleri",51819,47,1,"PT"
"245BG010/1",16177,"FACCHI","ZAMBETTI",104710,85,2,"PT1"
"245BG010/1",16597,"FACCHI","ZAMBETTI",158635,77,0,"PT2"
"245BG010/1",16960,"FACCHI","ZAMBETTI",162770,148,NA,"PT"
"245BG010/1",17198,"FACCHI","ZAMBETTI",31472,130,5,"PT"
"245BG010/1",17589,"FACCHI","",57441,132,3,"PT"
"083BG002/1",17225,"","Andrioletti",58999,NA,1,"PT"
"083BG002/1",17606,"","Andrioletti",74818,133,0,"PT"
"160BG004/2",16581,"","Linguanti",143304,12,0,"PT2"
"101Bg015/1",17231,"","Alloni",66383,NA,2,"PT"
"101Bg015/1",16895,"","Alloni",91599,21,0,"PT2"
"101Bg015/1",17616,"","Alloni/Albrici",85561,63,0,"PT"
"053BG046/3",17210,"Facchi","Testa Francesco",45649,NA,NA,"PT"
"053BG046/3",17649,"Facchi","Testa Francesco",17717,81,NA,"PT"
"183BG038",16157,"CAPELLI ","FERRI",83896,155,19,"PT0"
"183BG038",16876,"CAPELLI ","FERRI",74645,NA,NA,"PT0"
"183BG038",17255,"CAPELLI ","FERRI",91856,153,5,"PT"
"183BG038",16548,"CAPELLI ","FERRI",111916,166,8,"PT1"
"010bg017/1",17513,"","alloni",352751,63,0,"PT"
"010bg017/1",17148,"","alloni",355934,63,1,"PT"
"010bg017",16245,"","ALLONI",169586,549,26,"PT1"
"133BG017/1",17288,"FACCHI","Andrioletti",135305,NA,NA,"PT"
"047Bg002",16945,"Danesi Giorgia","",146854,NA,0,"PT"
"120BG010/1",17098,"Facchi","",292988,95,2,"PT"
"120BG010/1",16692,"Facchi","",238389,66,2,"PT1"
"120BG010/1",17486,"Facchi","",318254,88,1,"PT"
"016BG009/1",16202,"GAMBA","SALVOLDI",126863,93,5,"PT0"
"016BG009/1",16589,"GAMBA","SALVOLDI",150242,96,NA,"PT1"
"016BG009/1",16953,"GAMBA","SALVOLDI",155889,62,NA,"PT"
"016BG009/1",17350,"GAMBA","SALVOLDI",183102,62,NA,"PT"
"016BG009/1",17658,"GAMBA","SALVOLDI",125978,140,2,"PT"
"101BG028/1",17613,"","Alloni",85549,63,0,"PT"
"018BG011/1",16706,"Coppolino","MOLERI",256548,63,0,"PT2"
"018BG011/1",17127,"Coppolino","MOLERI",329682,150,NA,"PT"
"018BG011/1",17521,"Coppolino","MOLERI",363719,252,1,"PT"
"183BG163/1",17268,"","FERRI",108646,6,0,"PT"
"101BG040/1",17578,"","Alloni",47394,62,0,"PT"
"101BG040/1",17227,"","Alloni",62906,NA,NA,"PT"
"093BG070/1",17267,"","Frosio",105390,23,0,"PT"
"122BG008/1",16869,"","Alloni",65497,127,0,"PT2"
"122BG008/1",17232,"","Alloni",67787,76,1,"PT"
"122BG008/1",17583,"","Alloni",54336,62,0,"PT"
"122BG008/1",17485,"0","Alloni",319119,229,NA,"PT"
"142bg017/1",17606,"","Alloni",74905,63,0,"PT"
"141BG013/1",16883,"Coppolino","Pelliccioli",80120,NA,2,"PT1"
"141BG013/1",17219,"Coppolino","Pelliccioli",52346,179,1,"PT"
"141BG013/1",16479,"Coppolino","Pelliccioli",41795,158,4,"PT1"
"028BG019/2",16248,"Coppolino","GATTI",270388,56,0,"PT2"
"028BG019/2",16609,"Coppolino","GATTI",169082,43,0,"PT2"
"028BG019/2",16969,"Coppolino","GATTI",171610,74,0,"PT"
"028BG019/2",16969,"Coppolino","GATTI",171708,65,1,"PT"
"122BG001/4",16688,"Lissana","Alloni",239791,367,10,"PT1"
"122BG001/4",17079,"Lissana","Alloni",279502,NA,NA,"PT"
"217BG021/5",16868,"","Bonazza",63996,NA,NA,"PT0"
"101BG009/1",16878,"","Alloni",78181,NA,NA,"PT1"
"101BG009/1",17245,"","Alloni",81876,NA,2,"PT"
"101BG009/1",17582,"","Alloni",51555,62,NA,"PT"
"157BG006/1",16175,"COPPOLINO","CANEVALI",103979,172,42,"PT0"
"157BG006/1",16555,"COPPOLINO","Canevali",123306,149,NA,"PT0"
"157BG006/1",16952,"COPPOLINO","CANEVALI",155909,NA,NA,"PT"
"157BG006/1",17351,"COPPOLINO","CANEVALI",184374,NA,NA,"PT"
"198BG030/1",17294,"Foresti Fabio","Linguanti",130967,34,0,"PT"
"198BG030/1",16927,"Foresti Fabio","Linguanti",130976,26,0,"PT2"
"198BG030/1",16563,"Foresti Fabio","Linguanti",129820,25,0,"PT2"
"198BG028/1",16609,"Coppolino","Linguanti",169060,80,1,"PT1"
"198BG028/1",16965,"Coppolino","Linguanti",166623,NA,NA,"PT"
"198BG028/1",17350,"Coppolino","Linguanti",183224,NA,NA,"PT"
"053BG029/1",16171,"FACCHI","",98609,84,1,"PT1"
"053BG029/1",16875,"FACCHI","Leoni",73222,NA,2,"PT1"
"053BG029/1",16547,"FACCHI","",111942,79,4,"PT0"
"053BG029/1",17242,"FACCHI","",78397,124,0,"PT"
"053BG029/1",17617,"FACCHI","",85581,125,NA,"PT"
"034BG008/1",16741,"","Arsuffi",296940,66,NA,"PT0"
"",17480,"","Arsuffi",314093,200,4,"PT"
"037BG009/1",17252,"","Pelliccioli",93088,NA,5,"PT"
"117BG012/1",16699,"","MOLERI",245513,41,0,"PT2"
"141BG012/1",16473,"Arnoldi Bernardo","Canevali",39093,62,0,"PT2"
"141BG012/1",15499,"Arnoldi Bernardo","Canevali",161149,62,NA,"PT"
"177BG009/1",16840,"Arnoldi Bernardo","Bonazza",36464,NA,NA,"PT0"
"177BG009/1",17225,"Arnoldi Bernardo","Bonazza",59086,164,NA,"PT"
"177BG009/1",17597,"Arnoldi Bernardo","Bonazza",65527,154,1,"PT"
"076BG021",16549,"Arnoldi Bernardo","Andrioletti",124383,138,2,"PT1"
"076BG021",16934,"Arnoldi Bernardo","Andrioletti",135802,131,NA,"PT1"
"076BG021",17284,"Arnoldi Bernardo","Andrioletti",119802,229,0,"PT"
"177BG026/2",16177,"","BONAZZA",142337,108,2,"PT1"
"028BG001/1",16227,"FACCHI","",150658,31,0,"PT2"
"028BG001/1",16597,"FACCHI","",158629,35,0,"PT2"
"028BG001/1",16962,"FACCHI","",164631,NA,0,"PT"
"028BG001/1",17323,"FACCHI","",158464,62,1,"PT"
"219BG003/1",16178,"RIZZI ","",106743,20,0,"PT2"
"219BG003/1",16563,"RIZZI ","",126193,25,1,"PT1"
"219BG003/1",16947,"RIZZI ","",149238,37,1,"PT"
"219BG003/1",17310,"RIZZI ","",147160,19,0,"PT"
"020BG003/1",16227,"FACCHI","",150662,75,1,"PT1"
"020BG003/1",16602,"FACCHI","",162069,88,0,"PT2"
"020BG003/1",16981,"FACCHI","",182634,125,1,"PT"
"020BG003/1",17344,"FACCHI","",179805,122,0,"PT"
"049BG003/1",16917,"","Iurato",114366,NA,1,"PT1"
"087BG002",16286,"PELIZZARI CARLO","",203896,109,9,"PT0"
"087BG002",16714,"PELIZZARI CARLO","",261110,152,NA,"PT1"
"087BG002",17101,"PELIZZARI CARLO","",299955,155,0,"PT"
"087BG002",17487,"PELIZZARI CARLO","",319504,159,1,"PT"
"219BG056/2",16092,"CAPELLI ","OGGIONI",18905,16,3,"PT0"
"219BG056/2",16871,"CAPELLI ","OGGIONI",68101,18,0,"PT2"
"219BG056/2",16506,"CAPELLI ","OGGIONI",69291,24,1,"PT1"
"219BG056/2",17245,"CAPELLI ","OGGIONI",79407,20,0,"PT"
"219BG056/2",17658,"CAPELLI ","OGGIONI",125892,19,0,"PT"
"114BG005/3",17241,"Facchi","MOLERI",76783,207,2,"PT"
"114BG005/3",16860,"Facchi","MOLERI",57073,150,NA,"PT1"
"114BG005/3",16541,"Facchi","MOLERI",104866,103,5,"PT1"
"114BG005/3",17627,"Facchi","MOLERI",95299,216,0,"PT"
"087BG031/3",16672,"Facchi","Ferri",227110,12,1,"PT0"
"087BG029/6",16672,"Facchi","Ferri",227101,160,4,"PT1"
"087BG029/6",17284,"Facchi","Ferri",120835,NA,1,"PT"
"087BG029/6",17602,"Facchi","Ferri",72819,6,0,"PT"
"183BG017/1",17291,"Coppolino","",126569,138,0,"PT"
"183BG017/1",16940,"Coppolino","",141568,95,3,"PT1"
"183BG017/1",16485,"Coppolino","",48347,102,4,"PT1"
"062BG009/1",16877,"FACCHI","",75626,NA,NA,"PT2"
"062BG009/1",16497,"FACCHI","",61662,81,0,"PT2"
"062BG009/1",17245,"FACCHI","Moleri",81670,86,0,"PT"
"062BG009/1",17606,"FACCHI","Moleri",74291,94,0,"PT"
"013BG008/1",16924,"Donati Adriano","OGGIONI",124558,62,0,"PT2"
"013BG008/1",17323,"Donati Adriano","OGGIONI",158383,71,1,"PT"
"133Bg036/1",16875,"","Andrioletti",80006,NA,0,"PT2"
"101BG010/1",16290,"","ALLONI",210865,46,0,"PT2"
"101BG010/1",16673,"","ALLONI",224758,31,0,"PT2"
"101BG010/1",17021,"","ALLONI",210865,46,0,"PT"
"053BG019/4",17568,"","Leoni Lorenzo",40572,49,5,"PT"
"141BG008/3",16195,"FACCHI","CANEVALI",120352,75,10,"PT0"
"141BG008/3",16567,"FACCHI","CANEVALI",129791,88,NA,"PT0"
"141BG008/3",16962,"facchi","",164628,NA,NA,"PT"
"141BG008/3",17365,"facchi","Canevali",196072,39,0,"PT"
"233Bg008/1",16364,"","IURATO",284245,56,0,"PT2"
"233Bg008/1",16896,"RIZZI ","IURATO",91454,56,0,"PT2"
"233Bg008/1",17275,"Arnoldi","IURATO",111155,58,0,"PT"
"141BG008/1",16195,"FACCHI","CANEVALI",120352,57,5,"PT0"
"141BG008/1",16567,"FACCHI","CANEVALI",129813,53,NA,"PT0"
"141BG008/1",16962,"FACCHI","CANEVALI",164638,NA,NA,"PT"
"141BG008/1",17365,"FACCHI","CANEVALI",196083,105,3,"PT"
"105BG010/2",17477,"","LEONI",307538,61,0,"PT"
"018BG001/1",16979,"Moleri","",183943,63,3,"PT"
"029BG006/1",16987,"","IURATO",189403,44,0,"PT"
"029BG006/1",16694,"","IURATO",208001,49,0,"PT2"
"029BG006/1",17354,"","IURATO",195179,49,0,"PT"
"038bg006",16161,"FACCIOLONGO ","POMA",86649,56,2,"PT1"
"038bg006",16853,"FACCIOLONGO ","POMA",47903,36,0,"PT2"
"038bg006",17218,"FACCIOLONGO ","POMA",50418,64,1,"PT"
"038bg006",17578,"FACCIOLONGO ","POMA",47389,47,0,"PT"
"038bg006",16545,"FACCIOLONGO ","POMA",108834,37,0,"PT2"
"020BG007/1",17638,"Arnoldi Bernardo","Ferri",106789,109,0,"PT"
"020BG007/1",17234,"Arnoldi Bernardo","Ferri",73989,97,0,"PT"
"020BG007/1",16941,"Arnoldi Bernardo","Ferri",143470,80,0,"PT2"
"207BG011",16414,"Pirovano","SALVOLDI",338837,70,2,"PT1"
"207BG011",16771,"Pirovano","SALVOLDI",327457,65,1,"PT1"
"207BG011",17135,"Pirovano","SALVOLDI",341004,58,1,"PT"
"207BG011",17514,"Pirovano","SALVOLDI",353430,93,1,"PT"
"113BG012/1",16157,"FACCHI ","Andrioletti",83523,138,2,"PT1"
"113BG012/1",16902,"FACCHI ","Andrioletti",98732,227,2,"PT1"
"113BG012/1",16555,"FACCHI ","Andrioletti",122745,189,3,"PT1"
"113BG012/1",17227,"FACCHI ","Andrioletti",61469,189,0,"PT"
"113BG012/1",17578,"FACCHI ","Andrioletti",47415,213,NA,"PT"
"113BG008/4",16896,"Arnoldi Bernardo","Andrioletti",96818,NA,NA,"PT1"
"113BG008/4",17283,"Arnoldi Bernardo","Andrioletti",118566,256,1,"PT"
"212BG022/3",17603,"Arnoldi Bernardo","",70885,97,0,"PT"
"212BG022/1",16853,"","Gatti",54130,90,2,"PT1"
"097BG021",16283,"PELIZZARI CARLO","",202756,33,1,"PT1"
"097BG021",16709,"PELIZZARI CARLO","",256433,38,1,"PT1"
"097BG021",17101,"PELIZZARI CARLO","",299954,50,NA,"PT"
"097BG021",17488,"PELIZZARI CARLO","",319542,60,0,"PT"
"113BG012/1",17458,"Linguanti","",285195,106,3,"PT"
"101BG045/3",17214,"","Alloni",51724,63,1,"PT"
"101BG045/3",16840,"","Alloni",38370,150,13,"PT0"
"101BG045/3",17610,"","Alloni",78255,177,6,"PT"
"101BG044",16233,"Danesi Giorgia","Alloni",162142,255,15,"PT1"
"101BG044/1",15466,"Danesi Giorgia","Alloni",127219,70,NA,"PT1"
"101BG044/1",16693,"Danesi Giorgia","Alloni",239179,67,NA,"PT0"
"101BG044/1",17324,"Danesi Giorgia","Alloni",160534,59,0,"PT"
"101BG044/1",17603,"Danesi Giorgia","Alloni",74831,285,2,"PT"
"101BG044/1",17603,"Danesi Giorgia","Alloni",74831,383,2,"PT"
"133BG041/1",16248,"FACCHI","",171388,78,20,"PT0"
"133BG041/1",16612,"FACCHI","",172507,90,NA,"PT0"
"133BG041/1",16947,"FACCHI","Andrioletti",151349,NA,NA,"PT"
"133BG041/1",17347,"FACCHI","Andrioletti",183108,NA,NA,"PT"
"040BG012/3",16338,"Valota","LEONI",251969,98,1,"PT1"
"040BG012/3",16695,"Valota","LEONI",242999,55,8,"PT0"
"160BG003/1",16336,"","MOLERI",249938,62,7,"PT0"
"160BG003/1",16720,"","MOLERI",269384,120,NA,"PT1"
"160BG003/1",17071,"","MOLERI",263478,56,3,"PT"
"028BG022",16554,"","FACCHI",121017,25,2,"PT0"
"028BG022",16906,"","FACCHI",104631,28,0,"PT2"
"028BG022",17268,"","FACCHI",105543,31,0,"PT"
"028BG022",17619,"","FACCHI",88437,12,1,"PT"
"053BG053/1",16351,"Facchi","LEONI",267511,145,24,"PT0"
"053BG053/1",16758,"Facchi","LEONI",312007,274,NA,"PT0"
"053BG053/1",17165,"Facchi","LEONI",375438,253,NA,"PT"
"245BG023/5",16763,"","Zambetti",316686,49,1,"PT1"
"245BG023/5",17157,"","Zambetti",368076,41,1,"PT"
"245BG023/5",17499,"","Santambrogio",333324,55,1,"PT"
"114BG005/1",16197,"FACCHI","",120312,109,8,"PT0"
"083BG006/1",17295,"","Andrioletti",138254,NA,0,"PT"
"245BG026",16159,"FACCHI","ZAMBETTI",86481,116,6,"PT0"
"245BG026",16566,"FACCHI","ZAMBETTI",129799,107,7,"PT0"
"245BG026",16959,"FACCHI","ZAMBETTI",162735,163,11,"PT"
"245BG026",17329,"FACCHI","ZAMBETTI",167012,171,NA,"PT"
"101BG036/1",16953,"","Alloni",155373,181,NA,"PT"
"053BG001",15967,"CAPELLI","LEONI",245319,61,7,"PT0"
"053BG001",16057,"CAPELLI ","LEONI",355059,113,5,"PT0"
"053BG001",16344,"","LEONI",257074,205,18,"PT0"
"053BG001",16710,"","LEONI",257582,221,NA,"PT0"
"053BG001",17072,"","LEONI",267673,NA,NA,"PT"
"053BG001",17438,"","LEONI",263382,203,7,"PT"
"076BG020/1",16658,"","Andrioletti",214231,109,4,"PT1"
"133BG027/1",16195,"FACCHI","ANDRIOLETTI",126961,99,5,"PT0"
"133BG027/1",16554,"FACCHI","ANDRIOLETTI",121012,99,4,"PT1"
"133BG027/1",16953,"FACCHI","ANDRIOLETTI",155867,100,NA,"PT"
"133BG027/1",17345,"FACCHI","ANDRIOLETTI",179802,105,0,"PT"
"133BG027/1",17659,"FACCHI","ANDRIOLETTI",130161,129,3,"PT"
"219BG046/1",16165,"RIZZI ","OGGIONI",91392,104,5,"PT1"
"219BG046/1",16546,"RIZZI ","OGGIONI",109410,99,4,"PT1"
"219BG046/1",17276,"RIZZI ","OGGIONI",113852,95,0,"PT"
"219BG046/1",16918,"RIZZI ","OGGIONI",116120,NA,NA,"PT1"
"013BG015/2",16764,"FACCHI","OGGIONI",321558,NA,NA,"PT0"
"072BG025/1",16478,"FACCHI","",41449,164,14,"PT0"
"072BG025/1",17326,"FACCHI","",162535,291,5,"PT"
"044BG010/1",16735,"","Bonazza",289239,244,18,"PT0"
"044BG050/1",17211,"","Bonazza",51636,149,3,"PT"
"029BG002/3",16860,"","Iurato",57065,26,1,"PT1"
"219BG013/1",16253,"RIZZI ","",175382,27,2,"PT0"
"219BG013/1",16631,"RIZZI ","",189537,23,0,"PT2"
"219BG013/1",16997,"RIZZI ","",197655,20,NA,"PT"
"219BG013/1",17220,"RIZZI ","Testa",54985,34,0,"PT"
"219BG013/1",NA,"RIZZI ","Testa",40858,26,0,"PT"
"096BG004/1",16174,"","IURATO",104047,102,3,"PT1"
"219BG065",16238,"RIZZI ","",159972,26,0,"PT2"
"219BG065",16604,"RIZZI ","",164363,21,0,"PT2"
"219BG065",17103,"RIZZI ","",301990,27,NA,"PT"
"219BG065",17467,"RIZZI ","",295460,24,0,"PT"
"183BG041/2",16504,"","ALLONI",69268,49,8,"PT0"
"049BG002/1",16870,"","IURATO",68069,NA,NA,"PT1"
"212BG038/2",16986,"Coppolino","Moleri",187688,NA,NA,"PT"
"212BG038/2",17415,"Coppolino","Moleri",240570,98,1,"PT"
"105Bg012/1",16715,"Danesi Giorgia","",263532,100,4,"PT1"
"105Bg012/1",17105,"Danesi Giorgia","",302781,NA,NA,"PT"
"105Bg012/1",17473,"Danesi Giorgia","",301634,93,1,"PT"
"019BG012/2",17010,"","Albrici",210367,63,4,"PT"
"120BG005/1",17326,"FACCHI","Gatti",162492,39,0,"PT"
"120BG005/1",16891,"FACCHI","Gatti",87212,40,0,"PT2"
"120BG005/1",16492,"FACCHI","Gatti",55494,45,1,"PT1"
"117BG004/1",16861,"Lissana","Bonazza",58040,260,NA,"PT1"
"101BG007/4",16853,"Lissana","Bonazza",54118,14,0,"PT2"
"101BG007/4",17234,"Lissana","Bonazza",70601,209,0,"PT"
"096BG002",16874,"URBANI (CR)","",70927,82,NA,"PT1"
"096BG002",16258,"URBANI (CR)","",178942,67,1,"PT1"
"133BG015/1",16385,"Arnoldi Bernardo","ANDRIOLETTI",316417,217,21,"PT0"
"133BG015/1",17154,"Arnoldi Bernardo","ANDRIOLETTI",363595,310,1,"PT"
"133BG015/1",17435,"Arnoldi Bernardo","ANDRIOLETTI",267747,305,0,"PT"
"133BG015/1",16788,"Arnoldi Bernardo","ANDRIOLETTI",348862,195,5,"PT1"
"222BG045",17241,"Arnoldi Bernardo","Zambetti",78059,92,NA,"PT"
"222BG045",16861,"Arnoldi Bernardo","Zambetti",57063,62,NA,"PT1"
"222BG045",16475,"Arnoldi Bernardo","Zambetti",41091,67,3,"PT1"
"219BG035/1",17158,"FACCHI","OGGIONI",369545,129,1,"PT"
"219BG035/1",16422,"FACCHI","OGGIONI",355512,137,13,"PT0"
"219BG035/1",17519,"FACCHI","OGGIONI",359962,145,5,"PT"
"019BG002/1",16870,"","Alloni ",68088,NA,NA,"PT1"
"019BG002/1",17267,"","Alloni ",108606,NA,NA,"PT"
"122BG011/1",16895,"","Alloni",91397,NA,NA,"PT0"
"097BG004/3",16324,"PELIZZARI CARLO","FERRI",242744,20,0,"PT2"
"142BG014/1",17252,"","FERRI",93165,67,0,"PT"
"087BG027/1",16324,"PELIZZARI CARLO","FERRI",242755,143,0,"PT2"
"087BG027/1",16700,"PELIZZARI CARLO","FERRI",246972,166,3,"PT1"
"087BG027/1",17067,"PELIZZARI CARLO","FERRI",260217,166,NA,"PT"
"087BG027/1",17483,"PELIZZARI CARLO","FERRI",312152,161,NA,"PT"
"019BG001/1",16875,"","Alloni",73090,NA,NA,"PT1"
"019BG001/1",17238,"","Alloni",74049,NA,1,"PT"
"019BG001/1",17602,"","Alloni",70813,62,4,"PT"
"157Bg019/2",16624,"Facchi","",182141,32,0,"PT2"
"157Bg019/2",16979,"Facchi","",180292,NA,NA,"PT"
"157Bg019/2",17352,"Facchi","",186211,61,0,"PT"
"043BG013/1",17567,"Coppolino","Linguanti",35294,54,2,"PT"
"043BG013/1",17211,"Coppolino","Linguanti",44226,46,0,"PT"
"043BG013/1",16877,"Coppolino","Linguanti",74114,NA,NA,"PT0"
"043BG013/1",16513,"Coppolino","Linguanti",76805,28,2,"PT0"
"183BG025",16287,"FACCHI","FERRI",204992,178,6,"PT1"
"183BG025",17116,"FACCHI","FERRI",316651,145,NA,"PT"
"183BG025",16706,"FACCHI","FERRI",251967,111,1,"PT1"
"019BG024/1",16861,"Lissana","Alloni",57944,63,4,"PT0"
"019BG024/1",16414,"Lissana","ALLONI",336450,91,0,"PT2"
"019BG024/1",16595,"Lissana","ALLONI",155457,49,3,"PT0"
"053BG008/1",16870,"Cavirani","Testa Leoni",68079,NA,NA,"PT1"
"053BG008/1",16871,"Cavirani","Testa Leoni",68079,240,NA,"PT1"
"053BG008/1",16517,"Cavirani","Testa Leoni",79578,157,2,"PT1"
"177BG010/1",17288,"","Bonazza",132787,81,5,"PT"
"011BG001/1",16119,"VITALI","IURATO",48525,63,5,"PT0"
"011BG001/1",16854,"VITALI","IURATO",50364,63,0,"PT2"
"011BG001/1",16479,"VITALI","IURATO",42710,185,2,"PT1"
"011BG001/1",17211,"VITALI","IURATO",44272,160,0,"PT"
"011BG001/1",17589,"VITALI","IURATO",57467,138,NA,"PT"
"042BG012/3",17511,"Coppolino","Moleri",347108,49,0,"PT"
"042BG012/3",17144,"Coppolino","Moleri",351709,54,1,"PT"
"042BG012/3",16713,"Coppolino","Moleri",261121,49,NA,"PT1"
"089BG013/1",16357,"","ARSUFFI",272518,7,0,"PT2"
"043BG018/1",16562,"Coppolino","",125008,146,0,"PT2"
"043BG018/1",16967,"Coppolino","",169408,138,NA,"PT"
"043BG018/1",NA,"Coppolino","Moleri",121353,164,0,"PT"
"028BG020/1",16678,"Coppolino","Gatti",233407,197,45,"PT0"
"101BG029/1",16934,"","Alloni",140705,NA,7,"PT0"
"177BG014/1",17612,"Bonissi Luigi","Bonazza",81492,114,1,"PT"
"177BG014/1",17239,"Bonissi Luigi","Bonazza",78376,95,0,"PT"
"113BG008/4",17626,"Arnoldi Bernardo","Andrioletti",94220,259,1,"PT"
"019BG002/1",17617,"","Alloni ",87241,63,0,"PT"
"133BG017/1",17632,"FACCHI","Andrioletti",101176,397,2,"PT"
"076BG021",17633,"Arnoldi Bernardo","Andrioletti",102276,244,2,"PT"
"177BG047/1",17632,"Lissana","Bonazza",103396,81,0,"PT"
"096BG003/1",17655,"","Iurato Alfio",122799,120,0,"PT"
