"codaz","dt","vetlp","vetuff","numconf","numcamp","numpos","pt","prev","anno"
"000AA000",2018-06-27,"PIPPO","ZORRO",1235,12,1,"PT1",8.33,2018
"133BG027/1",2018-05-08,"FACCHI","ANDRIOLETTI",130161,129,3,"PT",2.33,2018
"016BG009/1",2018-05-07,"GAMBA","SALVOLDI",125978,140,2,"PT",1.43,2018
"219BG056/2",2018-05-07,"CAPELLI ","OGGIONI",125892,19,0,"PT",0,2018
"183BG010/1",2018-05-04,"PELIZZARI CARLO","",122966,270,NA,"PT",NA,2018
"096BG003/1",2018-05-04,"","IURATO ALFIO",122799,120,0,"PT",0,2018
"053BG046/3",2018-04-28,"FACCHI","TESTA FRANCESCO",17717,81,NA,"PT",NA,2018
"020BG007/1",2018-04-17,"ARNOLDI BERNARDO","FERRI",106789,109,0,"PT",0,2018
"076BG021",2018-04-12,"ARNOLDI BERNARDO","ANDRIOLETTI",102276,244,2,"PT",0.82,2018
"133BG017/1",2018-04-11,"FACCHI","ANDRIOLETTI",101176,397,2,"PT",0.5,2018
"177BG047/1",2018-04-11,"LISSANA","BONAZZA",103396,81,0,"PT",0,2018
"114BG005/3",2018-04-06,"FACCHI","MOLERI",95299,216,0,"PT",0,2018
"113BG008/4",2018-04-05,"ARNOLDI BERNARDO","ANDRIOLETTI",94220,259,1,"PT",0.39,2018
"172BG003/1",2018-03-29,"FACCHI","IURATO",88432,278,1,"PT",0.36,2018
"028BG022",2018-03-29,"","FACCHI",88437,12,1,"PT",8.33,2018
"076BG003/1",2018-03-27,"FACCHI","ANDRIOLETTI",85598,162,NA,"PT",NA,2018
"079BG022/1",2018-03-27,"LONGHI","CONSONNI",84680,35,1,"PT",2.86,2018
"053BG029/1",2018-03-27,"FACCHI","",85581,125,NA,"PT",NA,2018
"019BG002/1",2018-03-27,"","ALLONI ",87241,63,0,"PT",0,2018
"122BG005/1",2018-03-26,"","ALLONI",85517,63,1,"PT",1.59,2018
"101BG015/1",2018-03-26,"","ALLONI/ALBRICI",85561,63,0,"PT",0,2018
"101BG028/1",2018-03-23,"","ALLONI",85549,63,0,"PT",0,2018
"177BG014/1",2018-03-22,"BONISSI LUIGI","BONAZZA",81492,114,1,"PT",0.88,2018
"101BG045/3",2018-03-20,"","ALLONI",78255,177,6,"PT",3.39,2018
"062BG008/1",2018-03-16,"FACCHI","MOLERI",74319,46,0,"PT",0,2018
"083BG002/1",2018-03-16,"","ANDRIOLETTI",74818,133,0,"PT",0,2018
"142BG017/1",2018-03-16,"","ALLONI",74905,63,0,"PT",0,2018
"062BG009/1",2018-03-16,"FACCHI","MOLERI",74291,94,0,"PT",0,2018
"212BG022/3",2018-03-13,"ARNOLDI BERNARDO","",70885,97,0,"PT",0,2018
"101BG044/1",2018-03-13,"DANESI GIORGIA","ALLONI",74831,285,2,"PT",0.7,2018
"101BG044/1",2018-03-13,"DANESI GIORGIA","ALLONI",74831,383,2,"PT",0.52,2018
"087BG029/6",2018-03-12,"FACCHI","FERRI",72819,6,0,"PT",0,2018
"019BG001/1",2018-03-12,"","ALLONI",70813,62,4,"PT",6.45,2018
"133BG034",2018-03-07,"FACCHI","ANDRIOLETTI",64449,257,1,"PT",0.39,2018
"177BG009/1",2018-03-07,"ARNOLDI BERNARDO","BONAZZA",65527,154,1,"PT",0.65,2018
"245BG010/1",2018-02-27,"FACCHI","",57441,132,3,"PT",2.27,2018
"011BG001/1",2018-02-27,"VITALI","IURATO",57467,138,NA,"PT",NA,2018
"113BG003/3",2018-02-21,"FACCHI","ANDRIOLETTI",50694,80,4,"PT",5,2018
"207BG002/1",2018-02-21,"FACCHI","SALVOLDI",50635,137,3,"PT",2.19,2018
"122BG008/1",2018-02-21,"","ALLONI",54336,62,0,"PT",0,2018
"010BG003/2",2018-02-20,"VALOTA","ALLONI",51566,63,1,"PT",1.59,2018
"122BG009/1",2018-02-20,"","ALLONI",50445,62,2,"PT",3.23,2018
"101BG009/1",2018-02-20,"","ALLONI",51555,62,NA,"PT",NA,2018
"076BG004",2018-02-19,"DANESI GIORGIA","ANDRIOLETTI",48634,52,0,"PT",0,2018
"101BG040/1",2018-02-16,"","ALLONI",47394,62,0,"PT",0,2018
"038BG006",2018-02-16,"FACCIOLONGO ","POMA",47389,47,0,"PT",0,2018
"113BG012/1",2018-02-16,"FACCHI ","ANDRIOLETTI",47415,213,NA,"PT",NA,2018
"133BG035/1",2018-02-13,"FACCHI","ANDRIOLETTI",43669,90,0,"PT",0,2018
"141BG005/1",2018-02-13,"ARNOLDI BERNARDO","PELLICCIOLI",42902,126,0,"PT",0,2018
"043BG001/2",2018-02-06,"COPPOLINO","MOLERI",36640,39,0,"PT",0,2018
"053BG019/4",2018-02-06,"","LEONI LORENZO",40572,49,5,"PT",10.2,2018
"043BG013/1",2018-02-05,"COPPOLINO","LINGUANTI",35294,54,2,"PT",3.7,2018
"047BG002/2",2018-01-29,"","OGGIONI",29708,53,NA,"PT",NA,2018
"018BG011/1",2017-12-21,"COPPOLINO","MOLERI",363719,252,1,"PT",0.4,2017
"011BG004/1",2017-12-20,"ARNOLDI BERNARDO","IURATO",362167,115,3,"PT",2.61,2017
"219BG035/1",2017-12-19,"FACCHI","OGGIONI",359962,145,5,"PT",3.45,2017
"207BG011",2017-12-14,"PIROVANO","SALVOLDI",353430,93,1,"PT",1.08,2017
"010BG017/1",2017-12-13,"","ALLONI",352751,63,0,"PT",0,2017
"042BG012/3",2017-12-11,"COPPOLINO","MOLERI",347108,49,0,"PT",0,2017
"053BG015/1",2017-11-29,"FACCHI","LEONI",333334,306,0,"PT",0,2017
"245BG023/5",2017-11-29,"","SANTAMBROGIO",333324,55,1,"PT",1.82,2017
"097BG018",2017-11-18,"PELIZZARI CARLO","0",319517,90,3,"PT",3.33,2017
"097BG021",2017-11-18,"PELIZZARI CARLO","",319542,60,0,"PT",0,2017
"087BG002",2017-11-17,"PELIZZARI CARLO","",319504,159,1,"PT",0.63,2017
"120BG010/1",2017-11-16,"FACCHI","",318254,88,1,"PT",1.14,2017
"122BG008/1",2017-11-15,"0","ALLONI",319119,229,NA,"PT",NA,2017
"245BG002/1",2017-11-13,"FACCIOLONGO ","",312133,64,0,"PT",0,2017
"087BG027/1",2017-11-13,"PELIZZARI CARLO","FERRI",312152,161,NA,"PT",NA,2017
"011BG005/1",2017-11-11,"CAPELLI","IURATO",312225,45,0,"PT",0,2017
"",2017-11-10,"","ARSUFFI",314093,200,4,"PT",2,2017
"105BG010/2",2017-11-07,"","LEONI",307538,61,0,"PT",0,2017
"105BG012/1",2017-11-03,"DANESI GIORGIA","",301634,93,1,"PT",1.08,2017
"219BG065",2017-10-28,"RIZZI ","",295460,24,0,"PT",0,2017
"018BG005/1",2017-10-26,"","LINGUANTI",293051,60,0,"PT",0,2017
"113BG012/1",2017-10-19,"LINGUANTI","",285195,106,3,"PT",2.83,2017
"053BG001",2017-09-29,"","LEONI",263382,203,7,"PT",3.45,2017
"133BG015/1",2017-09-26,"ARNOLDI BERNARDO","ANDRIOLETTI",267747,305,0,"PT",0,2017
"212BG038/2",2017-09-06,"COPPOLINO","MOLERI",240570,98,1,"PT",1.02,2017
"141BG008/3",2017-07-18,"FACCHI","CANEVALI",196072,39,0,"PT",0,2017
"141BG008/1",2017-07-18,"FACCHI","CANEVALI",196083,105,3,"PT",2.86,2017
"029BG006/1",2017-07-07,"","IURATO",195179,49,0,"PT",0,2017
"157BG019/2",2017-07-05,"FACCHI","",186211,61,0,"PT",0,2017
"157BG006/1",2017-07-04,"COPPOLINO","CANEVALI",184374,NA,NA,"PT",NA,2017
"016BG009/1",2017-07-03,"GAMBA","SALVOLDI",183102,62,NA,"PT",NA,2017
"198BG028/1",2017-07-03,"COPPOLINO","LINGUANTI",183224,NA,NA,"PT",NA,2017
"133BG041/1",2017-06-30,"FACCHI","ANDRIOLETTI",183108,NA,NA,"PT",NA,2017
"133BG027/1",2017-06-28,"FACCHI","ANDRIOLETTI",179802,105,0,"PT",0,2017
"020BG003/1",2017-06-27,"FACCHI","",179805,122,0,"PT",0,2017
"245BG026",2017-06-12,"FACCHI","ZAMBETTI",167012,171,NA,"PT",NA,2017
"072BG025/1",2017-06-09,"FACCHI","",162535,291,5,"PT",1.72,2017
"120BG005/1",2017-06-09,"FACCHI","GATTI",162492,39,0,"PT",0,2017
"101BG044/1",2017-06-07,"DANESI GIORGIA","ALLONI",160534,59,0,"PT",0,2017
"028BG001/1",2017-06-06,"FACCHI","",158464,62,1,"PT",1.61,2017
"013BG008/1",2017-06-06,"DONATI ADRIANO","OGGIONI",158383,71,1,"PT",1.41,2017
"219BG003/1",2017-05-24,"RIZZI ","",147160,19,0,"PT",0,2017
"083BG006/1",2017-05-09,"","ANDRIOLETTI",138254,NA,0,"PT",NA,2017
"198BG030/1",2017-05-08,"FORESTI FABIO","LINGUANTI",130967,34,0,"PT",0,2017
"183BG017/1",2017-05-05,"COPPOLINO","",126569,138,0,"PT",0,2017
"133BG017/1",2017-05-02,"FACCHI","ANDRIOLETTI",135305,NA,NA,"PT",NA,2017
"177BG010/1",2017-05-02,"","BONAZZA",132787,81,5,"PT",6.17,2017
"076BG021",2017-04-28,"ARNOLDI BERNARDO","ANDRIOLETTI",119802,229,0,"PT",0,2017
"087BG029/6",2017-04-28,"FACCHI","FERRI",120835,NA,1,"PT",NA,2017
"113BG008/4",2017-04-27,"ARNOLDI BERNARDO","ANDRIOLETTI",118566,256,1,"PT",0.39,2017
"219BG046/1",2017-04-20,"RIZZI ","OGGIONI",113852,95,0,"PT",0,2017
"233BG008/1",2017-04-19,"ARNOLDI","IURATO",111155,58,0,"PT",0,2017
"019BG011/1",2017-04-18,"","ALLONI",111471,NA,0,"PT",NA,2017
"183BG010/1",2017-04-14,"PELIZZARI CARLO","FERRI",114736,247,2,"PT",0.81,2017
"183BG163/1",2017-04-12,"","FERRI",108646,6,0,"PT",0,2017
"028BG022",2017-04-12,"","FACCHI",105543,31,0,"PT",0,2017
"093BG070/1",2017-04-11,"","FROSIO",105390,23,0,"PT",0,2017
"019BG002/1",2017-04-11,"","ALLONI ",108606,NA,NA,"PT",NA,2017
"087BG012/1",2017-04-10,"","FERRI",111420,178,1,"PT",0.56,2017
"172BG003/1",2017-03-30,"FACCHI","IURATO",91769,239,1,"PT",0.42,2017
"183BG038",2017-03-30,"CAPELLI ","FERRI",91856,153,5,"PT",3.27,2017
"177BG047/1",2017-03-29,"LISSANA","BONAZZA",90196,73,0,"PT",0,2017
"062BG008/1",2017-03-27,"FACCHI","MOLERI",89105,NA,1,"PT",NA,2017
"037BG009/1",2017-03-27,"","PELLICCIOLI",93088,NA,5,"PT",NA,2017
"142BG014/1",2017-03-27,"","FERRI",93165,67,0,"PT",0,2017
"122BG005/1",2017-03-23,"","ALLONI",85665,126,1,"PT",0.79,2017
"101BG009/1",2017-03-20,"","ALLONI",81876,NA,2,"PT",NA,2017
"219BG056/2",2017-03-20,"CAPELLI ","OGGIONI",79407,20,0,"PT",0,2017
"062BG009/1",2017-03-20,"FACCHI","MOLERI",81670,86,0,"PT",0,2017
"079BG022/1",2017-03-18,"LONGHI","CONSONNI",79173,44,0,"PT",0,2017
"141BG005/1",2017-03-17,"ARNOLDI BERNARDO","PELLICCIOLI",77908,106,1,"PT",0.94,2017
"053BG029/1",2017-03-17,"FACCHI","",78397,124,0,"PT",0,2017
"114BG005/3",2017-03-16,"FACCHI","MOLERI",76783,207,2,"PT",0.97,2017
"222BG045",2017-03-16,"ARNOLDI BERNARDO","ZAMBETTI",78059,92,NA,"PT",NA,2017
"177BG014/1",2017-03-14,"BONISSI LUIGI","BONAZZA",78376,95,0,"PT",0,2017
"019BG001/1",2017-03-13,"","ALLONI",74049,NA,1,"PT",NA,2017
"044BG013/1",2017-03-09,"","BONAZZA",70487,127,0,"PT",0,2017
"122BG009/1",2017-03-09,"","ALLONI",70496,63,1,"PT",1.59,2017
"020BG007/1",2017-03-09,"ARNOLDI BERNARDO","FERRI",73989,97,0,"PT",0,2017
"101BG007/4",2017-03-09,"LISSANA","BONAZZA",70601,209,0,"PT",0,2017
"122BG008/1",2017-03-07,"","ALLONI",67787,76,1,"PT",1.32,2017
"101BG015/1",2017-03-06,"","ALLONI",66383,NA,2,"PT",NA,2017
"101BG040/1",2017-03-02,"","ALLONI",62906,NA,NA,"PT",NA,2017
"113BG012/1",2017-03-02,"FACCHI ","ANDRIOLETTI",61469,189,0,"PT",0,2017
"083BG002/1",2017-02-28,"","ANDRIOLETTI",58999,NA,1,"PT",NA,2017
"177BG009/1",2017-02-28,"ARNOLDI BERNARDO","BONAZZA",59086,164,NA,"PT",NA,2017
"076BG003/1",2017-02-23,"FACCHI","ANDRIOLETTI",54971,157,NA,"PT",NA,2017
"183BG032/1",2017-02-23,"","FERRI",55703,144,4,"PT",2.78,2017
"219BG013/1",2017-02-23,"RIZZI ","TESTA",54985,34,0,"PT",0,2017
"010BG003/2",2017-02-22,"VALOTA","ALLONI",55727,63,2,"PT",3.17,2017
"043BG001/2",2017-02-22,"COPPOLINO","MOLERI",51741,41,0,"PT",0,2017
"141BG013/1",2017-02-22,"COPPOLINO","PELLICCIOLI",52346,179,1,"PT",0.56,2017
"133BG035/1",2017-02-21,"FACCHI","ANDRIOLETTI",50081,88,0,"PT",0,2017
"038BG006",2017-02-21,"FACCIOLONGO ","POMA",50418,64,1,"PT",1.56,2017
"207BG002/1",2017-02-20,"FACCHI","SALVOLDI",51957,55,3,"PT",5.45,2017
"043BG017/1",2017-02-20,"","MOLERI",51819,47,1,"PT",2.13,2017
"101BG045/3",2017-02-17,"","ALLONI",51724,63,1,"PT",1.59,2017
"044BG050/1",2017-02-14,"","BONAZZA",51636,149,3,"PT",2.01,2017
"043BG013/1",2017-02-14,"COPPOLINO","LINGUANTI",44226,46,0,"PT",0,2017
"011BG001/1",2017-02-14,"VITALI","IURATO",44272,160,0,"PT",0,2017
"113BG003/3",2017-02-13,"FACCHI","ANDRIOLETTI",42318,76,2,"PT",2.63,2017
"053BG046/4",2017-02-13,"FACCHI","TESTA FRANCESCO",45426,NA,NA,"PT",NA,2017
"053BG046/3",2017-02-13,"FACCHI","TESTA FRANCESCO",45649,NA,NA,"PT",NA,2017
"076BG004",2017-02-10,"DANESI GIORGIA","ANDRIOLETTI",41605,65,1,"PT",1.54,2017
"133BG034",2017-02-01,"FACCHI","ANDRIOLETTI",31545,258,NA,"PT",NA,2017
"245BG010/1",2017-02-01,"FACCHI","ZAMBETTI",31472,130,5,"PT",3.85,2017
"053BG053/1",2016-12-30,"FACCHI","LEONI",375438,253,NA,"PT",NA,2016
"219BG035/1",2016-12-23,"FACCHI","OGGIONI",369545,129,1,"PT",0.78,2016
"245BG023/5",2016-12-22,"","ZAMBETTI",368076,41,1,"PT",2.44,2016
"133BG015/1",2016-12-19,"ARNOLDI BERNARDO","ANDRIOLETTI",363595,310,1,"PT",0.32,2016
"010BG017/1",2016-12-13,"","ALLONI",355934,63,1,"PT",1.59,2016
"042BG012/3",2016-12-09,"COPPOLINO","MOLERI",351709,54,1,"PT",1.85,2016
"053BG015/1",2016-11-30,"FACCHI","LEONI",340776,315,NA,"PT",NA,2016
"207BG011",2016-11-30,"PIROVANO","SALVOLDI",341004,58,1,"PT",1.72,2016
"011BG005/1",2016-11-26,"CAPELLI","IURATO",335171,47,0,"PT",0,2016
"018BG011/1",2016-11-22,"COPPOLINO","MOLERI",329682,150,NA,"PT",NA,2016
"183BG025",2016-11-11,"FACCHI","FERRI",316651,145,NA,"PT",NA,2016
"245BG002/1",2016-11-08,"FACCIOLONGO ","ZAMBETTI",310419,62,0,"PT",0,2016
"105BG012/1",2016-10-31,"DANESI GIORGIA","",302781,NA,NA,"PT",NA,2016
"097BG018",2016-10-29,"PELIZZARI CARLO","",302001,80,2,"PT",2.5,2016
"219BG065",2016-10-29,"RIZZI ","",301990,27,NA,"PT",NA,2016
"087BG002",2016-10-27,"PELIZZARI CARLO","",299955,155,0,"PT",0,2016
"097BG021",2016-10-27,"PELIZZARI CARLO","",299954,50,NA,"PT",NA,2016
"019BG011/1",2016-10-24,"","ALLONI",296758,141,NA,"PT",NA,2016
"120BG010/1",2016-10-24,"FACCHI","",292988,95,2,"PT",2.11,2016
"122BG001/4",2016-10-05,"LISSANA","ALLONI",279502,NA,NA,"PT",NA,2016
"018BG005/1",2016-10-03,"","MOLERI",271031,64,0,"PT",0,2016
"053BG001",2016-09-28,"","LEONI",267673,NA,NA,"PT",NA,2016
"160BG003/1",2016-09-27,"","MOLERI",263478,56,3,"PT",5.36,2016
"087BG027/1",2016-09-23,"PELIZZARI CARLO","FERRI",260217,166,NA,"PT",NA,2016
"101BG010/1",2016-08-08,"","ALLONI",210865,46,0,"PT",0,2016
"019BG012/2",2016-07-28,"","ALBRICI",210367,63,4,"PT",6.35,2016
"219BG013/1",2016-07-15,"RIZZI ","",197655,20,NA,"PT",NA,2016
"183BG003/7",2016-07-08,"PELIZZARI CARLO","",191450,271,3,"PT",1.11,2016
"029BG006/1",2016-07-05,"","IURATO",189403,44,0,"PT",0,2016
"212BG038/2",2016-07-04,"COPPOLINO","MOLERI",187688,NA,NA,"PT",NA,2016
"020BG003/1",2016-06-29,"FACCHI","",182634,125,1,"PT",0.8,2016
"018BG001/1",2016-06-27,"MOLERI","",183943,63,3,"PT",4.76,2016
"157BG019/2",2016-06-27,"FACCHI","",180292,NA,NA,"PT",NA,2016
"028BG019/2",2016-06-17,"COPPOLINO","GATTI",171610,74,0,"PT",0,2016
"028BG019/2",2016-06-17,"COPPOLINO","GATTI",171708,65,1,"PT",1.54,2016
"217BG003/4",2016-06-15,"APPIANI ARRIGO","BONAZZA ",169900,63,0,"PT",0,2016
"217BG003/5",2016-06-15,"APPIANI ARRIGO","BONAZZA ",169900,63,0,"PT",0,2016
"043BG018/1",2016-06-15,"COPPOLINO","",169408,138,NA,"PT",NA,2016
"198BG028/1",2016-06-13,"COPPOLINO","LINGUANTI",166623,NA,NA,"PT",NA,2016
"028BG001/1",2016-06-10,"FACCHI","",164631,NA,0,"PT",NA,2016
"141BG008/3",2016-06-10,"FACCHI","",164628,NA,NA,"PT",NA,2016
"141BG008/1",2016-06-10,"FACCHI","CANEVALI",164638,NA,NA,"PT",NA,2016
"245BG010/1",2016-06-08,"FACCHI","ZAMBETTI",162770,148,NA,"PT",NA,2016
"245BG026",2016-06-07,"FACCHI","ZAMBETTI",162735,163,11,"PT",6.75,2016
"016BG009/1",2016-06-01,"GAMBA","SALVOLDI",155889,62,NA,"PT",NA,2016
"101BG036/1",2016-06-01,"","ALLONI",155373,181,NA,"PT",NA,2016
"133BG027/1",2016-06-01,"FACCHI","ANDRIOLETTI",155867,100,NA,"PT",NA,2016
"157BG006/1",2016-05-31,"COPPOLINO","CANEVALI",155909,NA,NA,"PT",NA,2016
"219BG003/1",2016-05-26,"RIZZI ","",149238,37,1,"PT",2.7,2016
"133BG041/1",2016-05-26,"FACCHI","ANDRIOLETTI",151349,NA,NA,"PT",NA,2016
"047BG002",2016-05-24,"DANESI GIORGIA","",146854,NA,0,"PT",NA,2016
"020BG007/1",2016-05-20,"ARNOLDI BERNARDO","FERRI",143470,80,0,"PT2",0,2016
"062BG008/1",2016-05-19,"FACCHI","",141403,NA,1,"PT",NA,2016
"183BG017/1",2016-05-19,"COPPOLINO","",141568,95,3,"PT1",3.16,2016
"076BG021",2016-05-13,"ARNOLDI BERNARDO","ANDRIOLETTI",135802,131,NA,"PT1",NA,2016
"101BG029/1",2016-05-13,"","ALLONI",140705,NA,7,"PT0",NA,2016
"198BG030/1",2016-05-06,"FORESTI FABIO","LINGUANTI",130976,26,0,"PT2",0,2016
"013BG008/1",2016-05-03,"DONATI ADRIANO","OGGIONI",124558,62,0,"PT2",0,2016
"219BG046/1",2016-04-27,"RIZZI ","OGGIONI",116120,NA,NA,"PT1",NA,2016
"049BG003/1",2016-04-26,"","IURATO",114366,NA,1,"PT1",NA,2016
"028BG022",2016-04-15,"","FACCHI",104631,28,0,"PT2",0,2016
"177BG047/1",2016-04-13,"LISSANA","BONAZZA",101355,78,NA,"PT1",NA,2016
"177BG047/1",2016-04-12,"","BONAZZA",101355,78,NA,"PT1",NA,2016
"113BG012/1",2016-04-11,"FACCHI ","ANDRIOLETTI",98732,227,2,"PT1",0.88,2016
"233BG008/1",2016-04-05,"RIZZI ","IURATO",91454,56,0,"PT2",0,2016
"113BG008/4",2016-04-05,"ARNOLDI BERNARDO","ANDRIOLETTI",96818,NA,NA,"PT1",NA,2016
"101BG015/1",2016-04-04,"","ALLONI",91599,21,0,"PT2",0,2016
"122BG011/1",2016-04-04,"","ALLONI",91397,NA,NA,"PT0",NA,2016
"120BG005/1",2016-03-31,"FACCHI","GATTI",87212,40,0,"PT2",0,2016
"079BG022/1",2016-03-29,"LONGHI","CONSONNI",85465,34,1,"PT1",2.94,2016
"141BG013/1",2016-03-23,"COPPOLINO","PELLICCIOLI",80120,NA,2,"PT1",NA,2016
"172BG003/1",2016-03-18,"FACCHI","IURATO",75234,NA,2,"PT1",NA,2016
"101BG009/1",2016-03-18,"","ALLONI",78181,NA,NA,"PT1",NA,2016
"062BG009/1",2016-03-17,"FACCHI","",75626,NA,NA,"PT2",NA,2016
"043BG013/1",2016-03-17,"COPPOLINO","LINGUANTI",74114,NA,NA,"PT0",NA,2016
"183BG038",2016-03-16,"CAPELLI ","FERRI",74645,NA,NA,"PT0",NA,2016
"114BG012/1",2016-03-15,"COPPOLINO","GATTI",75225,183,10,"PT0",5.46,2016
"053BG029/1",2016-03-15,"FACCHI","LEONI",73222,NA,2,"PT1",NA,2016
"133BG036/1",2016-03-15,"","ANDRIOLETTI",80006,NA,0,"PT2",NA,2016
"019BG001/1",2016-03-15,"","ALLONI",73090,NA,NA,"PT1",NA,2016
"043BG001/2",2016-03-14,"COPPOLINO","",70976,40,0,"PT2",0,2016
"096BG002",2016-03-14,"URBANI (CR)","",70927,82,NA,"PT1",NA,2016
"219BG056/2",2016-03-11,"CAPELLI ","OGGIONI",68101,18,0,"PT2",0,2016
"053BG008/1",2016-03-11,"CAVIRANI","TESTA LEONI",68079,240,NA,"PT1",NA,2016
"049BG002/1",2016-03-10,"","IURATO",68069,NA,NA,"PT1",NA,2016
"019BG002/1",2016-03-10,"","ALLONI ",68088,NA,NA,"PT1",NA,2016
"053BG008/1",2016-03-10,"CAVIRANI","TESTA LEONI",68079,NA,NA,"PT1",NA,2016
"122BG008/1",2016-03-09,"","ALLONI",65497,127,0,"PT2",0,2016
"217BG021/5",2016-03-08,"","BONAZZA",63996,NA,NA,"PT0",NA,2016
"122BG009/1",2016-03-07,"","ALLONI",64016,NA,NA,"PT1",NA,2016
"207BG002/1",2016-03-04,"FACCHI","SALVOLDI",60558,139,NA,"PT1",NA,2016
"141BG005/1",2016-03-01,"ARNOLDI BERNARDO","PELLICCIOLI",56121,71,NA,"PT0",NA,2016
"117BG004/1",2016-03-01,"LISSANA","BONAZZA",58040,260,NA,"PT1",NA,2016
"222BG045",2016-03-01,"ARNOLDI BERNARDO","ZAMBETTI",57063,62,NA,"PT1",NA,2016
"019BG024/1",2016-03-01,"LISSANA","ALLONI",57944,63,4,"PT0",6.35,2016
"076BG003/1",2016-02-29,"FACCHI","ANDRIOLETTI",60486,103,NA,"PT1",NA,2016
"114BG005/3",2016-02-29,"FACCHI","MOLERI",57073,150,NA,"PT1",NA,2016
"029BG002/3",2016-02-29,"","IURATO",57065,26,1,"PT1",3.85,2016
"122BG005/1",2016-02-23,"","ALLONI",57061,150,3,"PT1",2,2016
"133BG034",2016-02-23,"FACCHI","ANDRIOLETTI",50636,169,5,"PT1",2.96,2016
"011BG001/1",2016-02-23,"VITALI","IURATO",50364,63,0,"PT2",0,2016
"133BG035/1",2016-02-22,"FACCHI","ANDRIOLETTI",57062,90,3,"PT1",3.33,2016
"038BG006",2016-02-22,"FACCIOLONGO ","POMA",47903,36,0,"PT2",0,2016
"212BG022/1",2016-02-22,"","GATTI",54130,90,2,"PT1",2.22,2016
"101BG007/4",2016-02-22,"LISSANA","BONAZZA",54118,14,0,"PT2",0,2016
"113BG003/3",2016-02-19,"FACCHI","ANDRIOLETTI",54123,81,1,"PT1",1.23,2016
"010BG003/2",2016-02-17,"VALOTA","ALLONI",47016,218,15,"PT0",6.88,2016
"076BG004",2016-02-09,"DANESI GIORGIA","ANDRIOLETTI",36511,58,1,"PT1",1.72,2016
"177BG009/1",2016-02-09,"ARNOLDI BERNARDO","BONAZZA",36464,NA,NA,"PT0",NA,2016
"101BG045/3",2016-02-09,"","ALLONI",38370,150,13,"PT0",8.67,2016
"133BG015/1",2015-12-19,"ARNOLDI BERNARDO","ANDRIOLETTI",348862,195,5,"PT1",2.56,2015
"207BG011",2015-12-02,"PIROVANO","SALVOLDI",327457,65,1,"PT1",1.54,2015
"013BG015/2",2015-11-25,"FACCHI","OGGIONI",321558,NA,NA,"PT0",NA,2015
"245BG023/5",2015-11-24,"","ZAMBETTI",316686,49,1,"PT1",2.04,2015
"053BG053/1",2015-11-19,"FACCHI","LEONI",312007,274,NA,"PT0",NA,2015
"245BG002/1",2015-11-05,"FACCIOLONGO ","ZAMBETTI",297810,62,2,"PT1",3.23,2015
"034BG008/1",2015-11-02,"","ARSUFFI",296940,66,NA,"PT0",NA,2015
"011BG005/1",2015-10-31,"CAPELLI","IURATO",292920,36,1,"PT1",2.78,2015
"011BG004/1",2015-10-30,"","IURATO",300903,87,6,"PT0",6.9,2015
"019BG011/1",2015-10-30,"","ALLONI",289252,106,0,"PT2",0,2015
"044BG010/1",2015-10-27,"","BONAZZA",289239,244,18,"PT0",7.38,2015
"053BG015/1",2015-10-26,"FACCHI","LEONI",286795,217,3,"PT1",1.38,2015
"079BG014/1",2015-10-20,"PELIZZARI CARLO","CONSONNI",277222,54,0,"PT2",0,2015
"183BG032/1",2015-10-16,"","FERRI",273738,179,NA,"PT1",NA,2015
"160BG003/1",2015-10-12,"","MOLERI",269384,120,NA,"PT1",NA,2015
"105BG012/1",2015-10-07,"DANESI GIORGIA","",263532,100,4,"PT1",4,2015
"087BG002",2015-10-06,"PELIZZARI CARLO","",261110,152,NA,"PT1",NA,2015
"042BG012/3",2015-10-05,"COPPOLINO","MOLERI",261121,49,NA,"PT1",NA,2015
"053BG001",2015-10-02,"","LEONI",257582,221,NA,"PT0",NA,2015
"097BG018",2015-10-01,"PELIZZARI CARLO","",256427,98,5,"PT0",5.1,2015
"097BG021",2015-10-01,"PELIZZARI CARLO","",256433,38,1,"PT1",2.63,2015
"018BG011/1",2015-09-28,"COPPOLINO","MOLERI",256548,63,0,"PT2",0,2015
"183BG025",2015-09-28,"FACCHI","FERRI",251967,111,1,"PT1",0.9,2015
"087BG027/1",2015-09-22,"PELIZZARI CARLO","FERRI",246972,166,3,"PT1",1.81,2015
"117BG012/1",2015-09-21,"","MOLERI",245513,41,0,"PT2",0,2015
"040BG012/3",2015-09-17,"VALOTA","LEONI",242999,55,8,"PT0",14.55,2015
"029BG006/1",2015-09-16,"","IURATO",208001,49,0,"PT2",0,2015
"101BG044/1",2015-09-15,"DANESI GIORGIA","ALLONI",239179,67,NA,"PT0",NA,2015
"120BG010/1",2015-09-14,"FACCHI","",238389,66,2,"PT1",3.03,2015
"018BG005/1",2015-09-11,"","MOLERI",237419,63,0,"PT2",0,2015
"122BG001/4",2015-09-10,"LISSANA","ALLONI",239791,367,10,"PT1",2.72,2015
"028BG020/1",2015-08-31,"COPPOLINO","GATTI",233407,197,45,"PT0",22.84,2015
"101BG010/1",2015-08-26,"","ALLONI",224758,31,0,"PT2",0,2015
"087BG031/3",2015-08-25,"FACCHI","FERRI",227110,12,1,"PT0",8.33,2015
"087BG029/6",2015-08-25,"FACCHI","FERRI",227101,160,4,"PT1",2.5,2015
"076BG020/1",2015-08-11,"","ANDRIOLETTI",214231,109,4,"PT1",3.67,2015
"183BG003/7",2015-07-27,"PELIZZARI CARLO","",198576,245,1,"PT1",0.41,2015
"133BG035/1",2015-07-24,"FACCHI","ANDRIOLETTI",197424,74,1,"PT1",1.35,2015
"219BG013/1",2015-07-15,"RIZZI ","",189537,23,0,"PT2",0,2015
"019BG012/1",2015-07-10,"","ALLONI",184596,234,7,"PT1",2.99,2015
"157BG019/2",2015-07-08,"FACCHI","",182141,32,0,"PT2",0,2015
"133BG041/1",2015-06-26,"FACCHI","",172507,90,NA,"PT0",NA,2015
"028BG019/2",2015-06-23,"COPPOLINO","GATTI",169082,43,0,"PT2",0,2015
"198BG028/1",2015-06-23,"COPPOLINO","LINGUANTI",169060,80,1,"PT1",1.25,2015
"219BG065",2015-06-18,"RIZZI ","",164363,21,0,"PT2",0,2015
"020BG003/1",2015-06-16,"FACCHI","",162069,88,0,"PT2",0,2015
"245BG010/1",2015-06-11,"FACCHI","ZAMBETTI",158635,77,0,"PT2",0,2015
"028BG001/1",2015-06-11,"FACCHI","",158629,35,0,"PT2",0,2015
"019BG024/1",2015-06-09,"LISSANA","ALLONI",155457,49,3,"PT0",6.12,2015
"016BG009/1",2015-06-03,"GAMBA","SALVOLDI",150242,96,NA,"PT1",NA,2015
"160BG004/2",2015-05-26,"","LINGUANTI",143304,12,0,"PT2",0,2015
"217BG003/4",2015-05-25,"APPIANI ARRIGO","BONAZZA ",158014,136,5,"PT1",3.68,2015
"217BG003/5",2015-05-25,"APPIANI ARRIGO","BONAZZA ",157913,180,9,"PT0",5,2015
"141BG008/3",2015-05-12,"FACCHI","CANEVALI",129791,88,NA,"PT0",NA,2015
"141BG008/1",2015-05-12,"FACCHI","CANEVALI",129813,53,NA,"PT0",NA,2015
"245BG026",2015-05-11,"FACCHI","ZAMBETTI",129799,107,7,"PT0",6.54,2015
"198BG030/1",2015-05-08,"FORESTI FABIO","LINGUANTI",129820,25,0,"PT2",0,2015
"219BG003/1",2015-05-08,"RIZZI ","",126193,25,1,"PT1",4,2015
"043BG018/1",2015-05-07,"COPPOLINO","",125008,146,0,"PT2",0,2015
"157BG006/1",2015-04-30,"COPPOLINO","CANEVALI",123306,149,NA,"PT0",NA,2015
"113BG012/1",2015-04-30,"FACCHI ","ANDRIOLETTI",122745,189,3,"PT1",1.59,2015
"028BG022",2015-04-29,"","FACCHI",121017,25,2,"PT0",8,2015
"133BG027/1",2015-04-29,"FACCHI","ANDRIOLETTI",121012,99,4,"PT1",4.04,2015
"076BG021",2015-04-24,"ARNOLDI BERNARDO","ANDRIOLETTI",124383,138,2,"PT1",1.45,2015
"076BG003/1",2015-04-23,"FACCHI","ANDRIOLETTI",111948,103,3,"PT1",2.91,2015
"183BG038",2015-04-23,"CAPELLI ","FERRI",111916,166,8,"PT1",4.82,2015
"053BG029/1",2015-04-22,"FACCHI","",111942,79,4,"PT0",5.06,2015
"219BG046/1",2015-04-21,"RIZZI ","OGGIONI",109410,99,4,"PT1",4.04,2015
"038BG006",2015-04-20,"FACCIOLONGO ","POMA",108834,37,0,"PT2",0,2015
"114BG005/3",2015-04-16,"FACCHI","MOLERI",104866,103,5,"PT1",4.85,2015
"076BG013/1",2015-04-14,"FACCHI","",103192,129,6,"PT1",4.65,2015
"172BG003/1",2015-03-25,"FACCHI","IURATO",83604,266,1,"PT1",0.38,2015
"053BG008/1",2015-03-23,"CAVIRANI","TESTA LEONI",79578,157,2,"PT1",1.27,2015
"133BG034",2015-03-20,"FACCHI","ANDRIOLETTI",79035,218,0,"PT2",0,2015
"043BG013/1",2015-03-19,"COPPOLINO","LINGUANTI",76805,28,2,"PT0",7.14,2015
"219BG056/2",2015-03-12,"CAPELLI ","OGGIONI",69291,24,1,"PT1",4.17,2015
"043BG001/2",2015-03-10,"COPPOLINO","",67241,24,3,"PT0",12.5,2015
"183BG041/2",2015-03-10,"","ALLONI",69268,49,8,"PT0",16.33,2015
"079BG022/1",2015-03-07,"LONGHI","CONSONNI",67254,46,3,"PT0",6.52,2015
"207BG002/1",2015-03-04,"FACCHI","SALVOLDI",61656,150,3,"PT1",2,2015
"062BG009/1",2015-03-03,"FACCHI","",61662,81,0,"PT2",0,2015
"062BG008/1",2015-02-26,"FACCHI","",55481,42,1,"PT1",2.38,2015
"120BG005/1",2015-02-26,"FACCHI","GATTI",55494,45,1,"PT1",2.22,2015
"044BG013/1",2015-02-20,"","BONAZZA",53098,168,4,"PT1",2.38,2015
"141BG005/1",2015-02-20,"ARNOLDI BERNARDO","PELLICCIOLI",49571,55,2,"PT1",3.64,2015
"183BG017/1",2015-02-19,"COPPOLINO","",48347,102,4,"PT1",3.92,2015
"133BG010/1",2015-02-18,"PELIZZARI CARLO","",47290,34,4,"PT0",11.76,2015
"141BG013/1",2015-02-13,"COPPOLINO","PELLICCIOLI",41795,158,4,"PT1",2.53,2015
"011BG001/1",2015-02-13,"VITALI","IURATO",42710,185,2,"PT1",1.08,2015
"010BG003/2",2015-02-12,"VALOTA","ALLONI",42692,356,23,"PT0",6.46,2015
"072BG025/1",2015-02-12,"FACCHI","",41449,164,14,"PT0",8.54,2015
"222BG045",2015-02-09,"ARNOLDI BERNARDO","ZAMBETTI",41091,67,3,"PT1",4.48,2015
"141BG012/1",2015-02-07,"ARNOLDI BERNARDO","CANEVALI",39093,62,0,"PT2",0,2015
"076BG004",2015-02-04,"DANESI GIORGIA","ANDRIOLETTI",34303,49,1,"PT1",2.04,2015
"219BG035/1",2014-12-18,"FACCHI","OGGIONI",355512,137,13,"PT0",9.49,2014
"207BG011",2014-12-10,"PIROVANO","SALVOLDI",338837,70,2,"PT1",2.86,2014
"019BG024/1",2014-12-10,"LISSANA","ALLONI",336450,91,0,"PT2",0,2014
"133BG015/1",2014-11-11,"ARNOLDI BERNARDO","ANDRIOLETTI",316417,217,21,"PT0",9.68,2014
"011BG005/1",2014-10-24,"","IURATO",287713,63,0,"PT2",0,2014
"233BG008/1",2014-10-21,"","IURATO",284245,56,0,"PT2",0,2014
"079BG014/1",2014-10-14,"","CONSONNI",274455,48,1,"PT1",2.08,2014
"053BG015/1",2014-10-14,"FACCHI","LEONI",274413,236,2,"PT1",0.85,2014
"089BG013/1",2014-10-14,"","ARSUFFI",272518,7,0,"PT2",0,2014
"053BG053/1",2014-10-08,"FACCHI","LEONI",267511,145,24,"PT0",16.55,2014
"053BG001",2014-10-01,"","LEONI",257074,205,18,"PT0",8.78,2014
"040BG012/3",2014-09-25,"VALOTA","LEONI",251969,98,1,"PT1",1.02,2014
"160BG003/1",2014-09-23,"","MOLERI",249938,62,7,"PT0",11.29,2014
"087BG027/1",2014-09-11,"","FERRI",242755,143,0,"PT2",0,2014
"097BG004/3",2014-09-11,"","FERRI",242744,20,0,"PT2",0,2014
"097BG004/3",2014-09-11,"PELIZZARI CARLO","FERRI",242744,20,0,"PT2",0,2014
"087BG027/1",2014-09-11,"PELIZZARI CARLO","FERRI",242755,143,0,"PT2",0,2014
"101BG010/1",2014-08-08,"","ALLONI",210865,46,0,"PT2",0,2014
"183BG025",2014-08-05,"FACCHI","FERRI",204992,178,6,"PT1",3.37,2014
"087BG002",2014-08-04,"PELIZZARI CARLO","",203896,109,9,"PT0",8.26,2014
"097BG018",2014-08-01,"PELIZZARI CARLO","",202764,70,12,"PT0",17.14,2014
"097BG021",2014-08-01,"PELIZZARI CARLO","",202756,33,1,"PT1",3.03,2014
"183BG003/7",2014-07-24,"PELIZZARI CARLO","",195274,167,7,"PT1",4.19,2014
"096BG002",2014-07-07,"URBANI (CR)","",178942,67,1,"PT1",1.49,2014
"219BG013/1",2014-07-02,"RIZZI ","",175382,27,2,"PT0",7.41,2014
"028BG019/2",2014-06-27,"COPPOLINO","GATTI",270388,56,0,"PT2",0,2014
"133BG041/1",2014-06-27,"FACCHI","",171388,78,20,"PT0",25.64,2014
"010BG017",2014-06-24,"","ALLONI",169586,549,26,"PT1",4.74,2014
"219BG065",2014-06-17,"RIZZI ","",159972,26,0,"PT2",0,2014
"101BG044",2014-06-12,"DANESI GIORGIA","ALLONI",162142,255,15,"PT1",5.88,2014
"028BG001/1",2014-06-06,"FACCHI","",150658,31,0,"PT2",0,2014
"020BG003/1",2014-06-06,"FACCHI","",150662,75,1,"PT1",1.33,2014
"016BG009/1",2014-05-12,"GAMBA","SALVOLDI",126863,93,5,"PT0",5.38,2014
"114BG005/1",2014-05-07,"FACCHI","",120312,109,8,"PT0",7.34,2014
"141BG008/3",2014-05-05,"FACCHI","CANEVALI",120352,75,10,"PT0",13.33,2014
"141BG008/1",2014-05-05,"FACCHI","CANEVALI",120352,57,5,"PT0",8.77,2014
"133BG027/1",2014-05-05,"FACCHI","ANDRIOLETTI",126961,99,5,"PT0",5.05,2014
"219BG003/1",2014-04-18,"RIZZI ","",106743,20,0,"PT2",0,2014
"245BG010/1",2014-04-17,"FACCHI","ZAMBETTI",104710,85,2,"PT1",2.35,2014
"177BG026/2",2014-04-17,"","BONAZZA",142337,108,2,"PT1",1.85,2014
"157BG006/1",2014-04-15,"COPPOLINO","CANEVALI",103979,172,42,"PT0",24.42,2014
"096BG004/1",2014-04-14,"","IURATO",104047,102,3,"PT1",2.94,2014
"053BG029/1",2014-04-11,"FACCHI","",98609,84,1,"PT1",1.19,2014
"124BG002",2014-04-08,"","SCHIVARDI ",96873,14,1,"PT0",7.14,2014
"219BG046/1",2014-04-05,"RIZZI ","OGGIONI",91392,104,5,"PT1",4.81,2014
"133BG034",2014-04-01,"FACCHI","ANDRIOLETTI",86478,150,7,"PT1",4.67,2014
"038BG006",2014-04-01,"FACCIOLONGO ","POMA",86649,56,2,"PT1",3.57,2014
"245BG026",2014-03-30,"FACCHI","ZAMBETTI",86481,116,6,"PT0",5.17,2014
"076BG013/1",2014-03-28,"FACCHI","",89504,169,19,"PT0",11.24,2014
"183BG038",2014-03-28,"CAPELLI ","FERRI",83896,155,19,"PT0",12.26,2014
"113BG012/1",2014-03-28,"FACCHI ","ANDRIOLETTI",83523,138,2,"PT1",1.45,2014
"079BG022/1",2014-03-25,"LONGHI","CONSONNI",79712,54,1,"PT1",1.85,2014
"172BG003/1",2014-03-12,"FACCHI","IURATO",66747,153,2,"PT1",1.31,2014
"010BG003/2",2014-02-28,"VALOTA","ALLONI",57947,385,26,"PT0",6.75,2014
"207BG002/1",2014-02-26,"FACCHI","SALVOLDI",53136,99,7,"PT0",7.07,2014
"011BG001/1",2014-02-18,"VITALI","IURATO",48525,63,5,"PT0",7.94,2014
"219BG056/2",2014-01-22,"CAPELLI ","OGGIONI",18905,16,3,"PT0",18.75,2014
"053BG001",2013-12-18,"CAPELLI ","LEONI",355059,113,5,"PT0",4.42,2013
"053BG001",2013-09-19,"CAPELLI","LEONI",245319,61,7,"PT0",11.48,2013
"141BG012/1",2012-06-08,"ARNOLDI BERNARDO","CANEVALI",161149,62,NA,"PT",NA,2012
"101BG044/1",2012-05-06,"DANESI GIORGIA","ALLONI",127219,70,NA,"PT1",NA,2012
"219BG013/1",NA,"RIZZI ","TESTA",40858,26,0,"PT",0,NA
"043BG018/1",NA,"COPPOLINO","MOLERI",121353,164,0,"PT",0,NA
